depth,Ed_380,Ed_443,Ed_490,Ed_555,RamsesPAR,JTan_PAR,JTan_e,JPitarch_PAR,JPitarch_e,mean_PAR,mean_uncertainty
-0.1,0.523366189,1.058059758,1.116257853,1.052666626,1301.346228,1375.32112240334,8.00687481615384,NaN,NaN,1375.32112240334,8.00687481615384
0,0.523366189,1.058059758,1.116257853,1.052666626,1301.346228,1355.50560511834,9.17158267054772,NaN,NaN,1355.50560511834,9.17158267054772
0.3,0.523366189,1.058059758,1.116257853,1.052666626,1301.346228,1299.65631400055,12.6936917568397,1274.82021520701,37.8453244782256,1287.23826460378,25.2695081175326
0.5,0.611305775,1.2235812,1.278554844,1.171022206,1396.03068,1432.83834494978,16.5094582560385,1416.24199989364,34.6517362371511,1424.54017242171,25.5805972465948
0.899999976,0.403598597,0.735067464,0.733817665,0.639525994,774.626195,774.61308234442,5.54602436769484,764.339523935983,19.4635528494393,769.476303140201,12.5047886085671
1.200000048,0.806506846,1.646262777,1.71304651,1.537848047,1793.37581,1753.92843958574,21.0335131735632,1786.0849608242,43.0029654164683,1770.00670020497,32.0182392950158
1.399999976,0.61026159,1.265847186,1.349220983,1.231877406,1392.427996,1358.86215187446,21.115182154107,1350.63906651054,32.7582531453807,1354.7506091925,26.9367176497439
1.799999952,0.54123197,1.100167465,1.157384258,1.033467273,1152.249892,1115.56890027479,18.7195095605578,1125.27212874008,20.2428628450334,1120.42051450744,19.4811862027956
2,0.726050981,1.518634771,1.599841727,1.412732485,1558.303634,1505.43117617634,21.3902495185218,1527.41543160445,33.814259185707,1516.4233038904,27.6022543521144
2.5,0.294220078,0.473281917,0.439053084,0.334545375,392.6250185,389.043987428712,4.72666688822879,387.137448758608,7.77093938247722,388.09071809366,6.24880313535301
2.799999952,0.503867638,1.009343473,1.050263044,0.878351501,918.0224846,913.632152990697,17.4108232901733,920.870629189462,18.0102309539091,917.25139109008,17.7105271220412
3.299999952,0.31641022,0.560317598,0.549621852,0.433300865,477.3696099,463.643108581747,4.70407702543918,464.734404916428,8.72107315978015,464.188756749087,6.71257509260966
3.5,0.298505693,0.513492214,0.49139615,0.368118149,408.3915153,404.745901928835,4.23560441421083,405.081571768371,7.6311419796527,404.913736848603,5.93337319693176
3.900000095,0.534232981,1.080426584,1.119832536,0.902350655,924.3904078,906.116918672448,16.3892227770974,919.486683458021,18.0072480996754,912.801801065234,17.1982354383864
4.199999809,0.454452679,0.900133176,0.923920757,0.73181504,753.277729,736.119523679342,7.68538224761542,743.504326787719,16.0413662282202,739.811925233531,11.8633742379178
4.599999905,0.515389033,1.016049875,1.030637105,0.788558965,811.2257946,799.322142936415,14.5157252617333,809.438772838012,18.1295394118765,804.380457887214,16.3226323368049
4.900000095,0.696477541,1.496903075,1.578811074,1.238028721,1227.764669,1204.79872609888,13.7597380926863,1232.28964896546,27.980885524691,1218.54418753217,20.8703118086886
5.5,0.405872259,0.816747974,0.838391757,0.629440573,637.9969302,624.856379839571,5.10779134983763,631.970782293322,14.5918738534717,628.413581066446,9.84983260165468
5.800000191,0.463917044,0.945078376,0.973940872,0.717553118,720.0787418,712.897858275469,11.6974611261859,721.068021060985,16.8732755441861,716.982939668227,14.285368335186
6.300000191,0.506094456,1.039270104,1.068288233,0.770528591,774.7078362,766.62089636627,10.579419529257,775.971740303139,17.2119970549574,771.296318334705,13.8957082921072
6.699999809,0.507574063,1.061516595,1.097841363,0.784181526,785.2577338,776.118327979072,9.68951390825378,785.831667154698,16.1297556329562,780.974997566885,12.909634770605
7.199999809,0.484799175,1.008928248,1.039568726,0.740476324,744.4487657,729.194800571341,8.70742084910873,739.830082182972,15.0650771672307,734.512441377157,11.8862490081697
7.599999905,0.50412247,1.074775217,1.114641143,0.76898146,771.9160386,764.158985087714,8.07805304654232,774.475918956316,15.7460248957296,769.317452022015,11.9120389711359
8.100000381,0.408631621,0.840646982,0.86162977,0.584756213,594.9202841,586.912206720033,7.3223220508469,592.728916436799,12.2332770396193,589.820561578416,9.7777995452331
8.5,0.557958411,1.213996223,1.260964898,0.829228956,841.8019761,837.584678564755,6.82322642376489,847.783710322466,17.6814152507742,842.684194443611,12.2523208372695
9,0.513434652,1.107523109,1.147254568,0.753456254,766.7781955,759.005152865385,6.19319210862181,768.910253095504,16.1368250347299,763.957702980445,11.1650085716759
9.399999619,0.422271523,0.880900078,0.897344343,0.561289935,589.0284925,585.800397369796,5.7945635424323,589.160451127794,12.4230100825797,587.480424248795,9.10878681250601
10,0.351459464,0.678691853,0.662897274,0.38435666,429.6669138,428.663713761324,2.62301868910828,427.33095239981,9.05678371116812,427.997333080567,5.8399012001382
10.60000038,0.424138978,0.890997687,0.90827292,0.561543746,591.5912314,584.816591740603,4.75998303829112,590.330689716358,12.5684532607075,587.57364072848,8.66421814949932
11,0.393633306,0.826879735,0.837788967,0.487810124,530.6711925,528.564141569819,4.46147106510712,529.964805470272,11.1982324053946,529.264473520045,7.82985173525088
11.5,0.399434165,0.842780035,0.854608757,0.501530426,543.1478588,538.717003538551,4.1967684605604,542.11798682106,11.3365882391129,540.417495179806,7.76667834983663
11.89999962,0.472271622,1.049383386,1.081650363,0.612426582,668.9133012,666.505806147816,3.98780483785979,669.324512443179,13.8842074389333,667.915159295497,8.93600613839656
12.5,0.38827057,0.817347344,0.822550684,0.456722803,511.9706169,508.625493269486,3.63523597060558,510.474594777109,9.92923502820009,509.550044023297,6.78223549940283
12.89999962,0.436736482,0.97403726,1.004654686,0.560188472,616.7971268,613.147895329185,3.39787032234754,617.363221866817,11.4725363328111,615.255558598001,7.43520332757933
13.30000019,0.443959461,1.001347988,1.036508284,0.575588409,634.0582258,629.578470229264,3.22396053467599,634.859209724221,11.2635191698281,632.218839976742,7.24373985225203
13.80000019,0.404503018,0.897304043,0.922591798,0.50479688,563.2210116,558.826036758981,3.03340117359195,563.493537087826,9.69969746123611,561.159786923404,6.36654931741403
14.30000019,0.385241919,0.855282659,0.875928045,0.464635439,529.077369,525.640352449685,2.9272400752537,529.002466085733,8.8914635832788,527.321409267709,5.90935182926625
14.80000019,0.415470506,0.940963969,0.967690544,0.494559742,574.7504424,572.148403119293,2.87591166324854,574.3421639844,9.42862974455527,573.245283551846,6.15227070390191
15.19999981,0.331096416,0.700578094,0.694849243,0.332243038,411.7963803,410.496954812742,2.7923079150475,408.980215097324,6.51047243836689,409.738584955033,4.65139017670719
15.80000019,0.459535052,1.073859474,1.111514969,0.550861005,650.2152688,647.134501173982,2.62046820725672,650.589121793015,9.65298873875239,648.861811483499,6.13672847300456
16.20000076,0.348518687,0.752339307,0.749685524,0.34787258,438.6167138,437.077447624439,2.50338920188664,436.107146528628,6.16607158848216,436.592297076534,4.3347303951844
16.79999924,0.374694035,0.844301622,0.857280213,0.405140423,499.0064461,496.478287877701,2.33705831608272,498.129304793772,6.53693250783445,497.303796335737,4.43699541195858
17.20000076,0.340160427,0.751797816,0.755763604,0.346998309,438.3967203,436.38025454657,2.24802037297027,436.90784890755,5.4189604905663,436.64405172706,3.83349043176829
17.79999924,0.339981168,0.759750602,0.762970839,0.335008718,436.6772262,435.158993882249,2.15743801140847,434.379600360374,4.92533547292166,434.769297121312,3.54138674216506
18.20000076,0.326576127,0.727110818,0.729676996,0.320965839,418.049605,416.288725826771,2.09424428000123,416.389340802368,4.43415367879891,416.339033314569,3.26419897940007
18.79999924,0.309831013,0.681298993,0.676287278,0.281726885,383.8424664,382.591451526475,1.99017602223745,381.019757672904,3.67394126371806,381.805604599689,2.83205864297775
19.20000076,0.333858745,0.757869475,0.765845076,0.332717471,435.4413971,433.209396621337,1.94299095444874,434.511876474289,4.09740427968484,433.860636547813,3.02019761706679
19.60000038,0.344858368,0.786466484,0.789447347,0.322032845,442.4023171,440.928246825819,1.91754147889827,439.444394150361,4.12797527633668,440.18632048809,3.02275837761748
20.20000076,0.32615495,0.751844696,0.758349217,0.309493167,423.8925692,422.138587593876,1.86500675334959,421.783112478374,3.93969542540296,421.960850036125,2.90235108937628
21.39999962,0.285831567,0.647342668,0.643605125,0.246218692,356.6576214,355.244221740672,1.71379858257836,353.845539984233,3.28613201175012,354.544880862452,2.49996529716424
22.5,0.317932082,0.752968694,0.759047448,0.278059667,412.5464306,411.189011665014,1.63942096883827,408.864153427148,3.87717810330293,410.026582546081,2.7582995360706
23.10000038,0.314675947,0.752457556,0.761885572,0.283191152,414.489041,412.71749510084,1.60874903298402,411.979511979093,3.94909295978041,412.348503539967,2.77892099638222
24,0.276023219,0.642808001,0.639462217,0.221154491,345.5327166,344.319516515744,1.56865934734406,341.993822075778,3.35867405384632,343.156669295761,2.46366670059519
25.39999962,0.260450385,0.608446127,0.602093683,0.194757214,321.4107652,320.474751235365,1.43506224590646,317.676960687677,3.38373277334876,319.075855961521,2.40939750962761
26,0.264946141,0.631568114,0.628330226,0.198323746,332.5642418,331.590080470251,1.39872606187686,328.540286313203,3.61182254808447,330.065183391727,2.50527430498067
27.20000076,0.251652534,0.600607018,0.593683425,0.17432136,310.781536,309.997309125135,1.40053912482297,306.181780184861,3.63378082740664,308.089544654998,2.51715997611481
28.20000076,0.224271891,0.526775515,0.514862057,0.1450171,269.1113493,268.479647394719,1.3149621857766,265.068384337962,3.39960029151864,266.774015866341,2.35728123864762
28.89999962,0.233118738,0.564882388,0.560381273,0.159715795,290.926428,290.082135429847,1.24220549537724,287.237900194865,3.87067564622804,288.660017812356,2.55644057080264
30.10000038,0.235199222,0.582543036,0.579623001,0.158233841,297.8167787,296.93448289687,1.23003233315178,293.845703209965,4.25211705531984,295.390093053418,2.74107469423581
31.39999962,0.221833991,0.552081543,0.547838508,0.141316709,278.984097,278.277452209663,1.18141548882717,275.134376286498,4.05783342282189,276.705914248081,2.61962445582453
32,0.22357556,0.569424896,0.568422552,0.142130771,286.8005474,286.099256099938,1.17370586403312,282.615744291402,4.2033403318157,284.35750019567,2.68852309792441
33.20000076,0.204415527,0.51386463,0.506599064,0.117425759,254.2739641,253.804081505015,1.09967878285673,250.17222650985,3.78135533750043,251.988154007432,2.44051706017858
34.29999924,0.197531665,0.507219455,0.502540536,0.112270485,249.897665,249.46391126604,1.07321676568205,245.957601644215,3.81848430623405,247.710756455127,2.44585053595805
34.90000153,0.18178151,0.458294581,0.450033323,0.099556117,224.6550587,224.261345325465,1.05529147172264,221.363167914177,3.50008582640648,222.812256619821,2.27768864906456
36,0.175910818,0.445705467,0.435240753,0.088735878,215.3471031,215.062316425103,1.00303854846133,211.640447609628,3.45487415119679,213.351382017365,2.22895634982906
37.20000076,0.177499545,0.470867624,0.468117609,0.094796991,228.6642822,228.294692910446,0.944718009722571,225.209253492902,3.79839259661526,226.751973201674,2.37155530316892
38.09999847,0.171270481,0.450376234,0.442698107,0.083281366,215.5132847,215.251029858386,0.961650445743965,211.768501218756,3.61275974394841,213.509765538571,2.28720509484619
39.40000153,0.163793616,0.439047767,0.434282217,0.080379652,210.0669951,209.737052478534,0.929667556111095,206.643815009219,3.49504548391187,208.190433743876,2.21235652001148
40.5,0.161900312,0.450160693,0.449785288,0.079174486,214.6354247,214.333759545397,0.88740333286052,211.024003220273,3.54374525237705,212.678881382835,2.21557429261878
41.40000153,0.150424668,0.411909117,0.407132149,0.068989386,194.6605052,194.358552005705,0.872718166611383,191.339372675648,3.19480828579265,192.848962340677,2.03376322620202
42.59999847,0.147335417,0.419008581,0.419067981,0.067966781,197.6583609,197.428252361748,0.843532239857211,194.330982184182,3.2249249258729,195.879617272965,2.03422858286506
43.90000153,0.131415958,0.363095104,0.356246498,0.053479979,168.5673489,168.416214863242,0.828198296381265,165.466035010019,2.7426704078452,166.941124936631,1.78543435211323
44.59999847,0.124724229,0.34300978,0.334686023,0.048595932,158.3093275,158.185753601415,0.814365288951644,155.342480493142,2.57326720265904,156.764117047278,1.69381624580534
45.90000153,0.118352671,0.333508624,0.326916727,0.044518096,153.0099704,152.959192887605,0.760417654037382,150.118453024304,2.48392067926238,151.538822955955,1.62216916664988
47.20000076,0.11502521,0.333092622,0.328924783,0.043622551,152.6689087,152.616607291044,0.780686917792605,149.89185381524,2.47744402056164,151.254230553142,1.62906546917712
47.79999924,0.114280689,0.333539234,0.329596086,0.042187917,152.3562443,152.319347337209,0.759158438708476,149.501126198042,2.45598481939468,150.910236767626,1.60757162905158
49.09999847,0.113639659,0.351856622,0.355307343,0.044457937,161.4156468,161.404162759926,0.752774348681436,158.535533260928,2.53811651143992,159.969848010427,1.64544543006068
50.20000076,0.097607253,0.288524173,0.283119563,0.03195007,129.7681264,129.829033029048,0.736483925729728,127.319012983128,1.9943937843403,128.574023006088,1.36543885503501
51.09999847,0.100253238,0.305169759,0.304520975,0.035699947,138.5602626,138.508095884719,0.761252073434902,136.013450136002,2.09292953289525,137.26077301036,1.42709080316507
52.40000153,0.095571625,0.296606202,0.296977477,0.033175919,134.1370147,134.126751097444,0.761264672181189,131.726610062274,1.97540192121738,132.926680579859,1.36833329669928
53.5,0.087442883,0.270908787,0.268965064,0.027385206,121.1051534,121.20080745314,0.693081560550269,118.944580712346,1.74492660985066,120.072694082743,1.21900408520046
54.29999924,0.087456645,0.279545235,0.280588551,0.027908627,125.1617307,125.239558211236,0.657342088030106,122.927162993019,1.77371610995465,124.083360602128,1.21552909899238
55.59999847,0.080400989,0.256036192,0.255591948,0.024022297,113.8885894,113.97627275225,0.633705397105441,111.817992066166,1.57045239637165,112.897132409208,1.10207889673854
56.90000153,0.076537016,0.246818046,0.247052403,0.022390539,109.5336467,109.634176090352,0.620822789587555,107.551249848365,1.47015248966813,108.592712969358,1.04548763962784
57.59999847,0.072438857,0.235161792,0.23514139,0.020364313,103.9296367,104.061685168867,0.608957592878465,102.087050200522,1.37518612670824,103.074367684695,0.992071859793353
58.70000076,0.069476552,0.232161584,0.23430485,0.019306589,102.5199148,102.678472833355,0.591108129827202,100.770915963319,1.32649372636147,101.724694398337,0.958800928094337
60.20000076,0.06533839,0.221053836,0.223748997,0.017790836,97.43505693,97.586093876066,0.571427194479338,95.7774458105813,1.23783912401074,96.6817698433237,0.904633159245037
60.79999924,0.061674465,0.206031256,0.206997544,0.016051663,90.45256917,90.5691314961559,0.562673508546178,88.8537089309953,1.1569825991102,89.7114202135756,0.859828053828189
62.09999847,0.061712628,0.21791232,0.223504278,0.016493819,95.92634128,96.1149499851101,0.544088881868043,94.3601434862832,1.24822622287935,95.2375467356966,0.896157552373696
63.20000076,0.055190849,0.191309352,0.193858565,0.013582856,83.60901482,83.7490382295182,0.527029583118529,82.1861587458661,1.1013119152705,82.9675984876922,0.814170749194512
64,0.055910784,0.19641158,0.200642154,0.014279563,86.17128373,86.2793570592313,0.515719412638594,84.6497400034254,1.14474840093223,85.4645485313283,0.830233906785414
65.30000305,0.0522547,0.186238406,0.190883832,0.012915625,81.52935468,81.6400313889078,0.498286928035599,80.1047086652303,1.09905383906615,80.8723700270691,0.798670383550876
66.40000153,0.04907231,0.176070872,0.180509921,0.011591299,76.82429984,76.9585017013376,0.488301760230366,75.5129387509146,1.04840292553131,76.2357202261261,0.768352342880837
67,0.047380495,0.173651094,0.178901501,0.010910816,75.60940918,75.7966573128661,0.482969585194985,74.4311418392162,1.03993820525447,75.1138995760411,0.761453895224725
68.30000305,0.043826684,0.159476896,0.163273157,0.009475872,69.11233679,69.2716919371431,0.472175849744923,67.9992890132862,0.965306933159449,68.6354904752147,0.718741391452186
69.59999847,0.041947061,0.155878348,0.160938953,0.009007318,67.60607775,67.7703814687497,0.461913658105412,66.545284325342,0.959498346877179,67.1578328970459,0.710706002491296
70.59999847,0.03988847,0.151099716,0.157327844,0.008696966,65.68239332,65.8261558800408,0.453368158490059,64.6465125962391,0.943022399263906,65.2363342381399,0.698195278876982
71.5,0.03663822,0.136145885,0.139901742,0.007167823,58.6997017,58.8368161152497,0.44515711489996,57.7754582809353,0.85144342253395,58.3061371980925,0.648300268716955
72.69999695,0.035776914,0.136447948,0.141787238,0.007134599,58.97532955,59.1210340961131,0.43468794939258,58.0824055050424,0.867394886111024,58.6017198005778,0.651041417751802
73.69999695,0.034540214,0.135159152,0.142045595,0.007007314,58.58604938,58.7262478232203,0.42616571635342,57.7242595213302,0.871368676026051,58.2252536722752,0.648767196189735
74.5,0.032798443,0.128506058,0.134753797,0.00631858,55.51890899,55.6662005696651,0.419334800469802,54.7344602033134,0.833222225528864,55.2003303864892,0.626278512999333
75.80000305,0.031222156,0.123037414,0.129209988,0.00583769,53.09827896,53.2361036705252,0.409558204557075,52.3458658021158,0.803046631289253,52.7909847363205,0.606302417923164
76.80000305,0.028924373,0.114145625,0.119780117,0.005186791,49.17099179,49.2930277850185,0.402559202883816,48.468503011301,0.742917795927682,48.8807653981598,0.572738499405749
77.59999847,0.028540728,0.1143164,0.120790617,0.005137094,49.32098636,49.4486712427952,0.397215873875772,48.6410330405381,0.745050064910853,49.0448521416667,0.571132969393313
78.80000305,0.027340366,0.11124013,0.118252639,0.00486794,48.02781987,48.1515115780916,0.389364646047389,47.3836680506026,0.725051659854025,47.7675898143471,0.557208152950707
79.90000153,0.025493641,0.104111451,0.110621478,0.004337214,44.84412513,44.9725383410884,0.382032340815547,44.2645576162187,0.676700298639007,44.6185479786535,0.529366319727277
80.5,0.024582376,0.100255753,0.106442109,0.004080394,43.15487014,43.2626207506061,0.377500360236602,42.5780924025036,0.650594521436038,42.9203565765549,0.51404744083632
81.40000153,0.023641565,0.097306322,0.103515651,0.003846495,41.86511917,41.9592399549145,0.370535539545333,41.3109169345351,0.630765279453257,41.6350784447248,0.500650409499295
82.5,0.022830835,0.095684048,0.102414297,0.003661888,41.17876154,41.2777692872286,0.36218628622897,40.6745443487338,0.620493830776813,40.9761568179812,0.491340058502892
83.09999847,0.02195613,0.091898219,0.098247603,0.003424276,39.50525162,39.5939868100533,0.357715251970234,39.0145384713052,0.594882983061117,39.3042626406793,0.476299117515675
83.90000153,0.020891255,0.087208181,0.093106836,0.00317322,37.45916456,37.5266669981066,0.351813369996218,36.9655180034098,0.563280160833625,37.2460925007582,0.457546765414921
84.80000305,0.020452364,0.086915783,0.093460001,0.003096354,37.37240131,37.4504754931395,0.345166216007218,36.9223433230979,0.565038850663813,37.1864094081187,0.455102533335515
85.5,0.019816224,0.085066713,0.091692958,0.002934817,36.56284068,36.6359251653783,0.340268348644315,36.1444533059865,0.558809838631693,36.3901892356824,0.449539093638004
86.5,0.019073592,0.083111299,0.090008197,0.002745431,35.70892468,35.7927307736324,0.333416362098125,35.3499424066026,0.554377508850588,35.5713365901175,0.443896935474356
87.30000305,0.018134649,0.079055217,0.085745742,0.002609631,33.99506121,34.0615969570439,0.327893222138774,33.6184625048928,0.533134900605125,33.8400297309683,0.430514061371949
87.90000153,0.017851846,0.078173298,0.084962532,0.002562892,33.6367016,33.6935679513533,0.323837410006992,33.2577715998825,0.531765833244147,33.4756697756179,0.427801621625569
88.90000153,0.017111089,0.075647844,0.082510549,0.002399147,32.55202379,32.6078947463916,0.317130031999628,32.2022936135304,0.521847469696454,32.405094179961,0.419488750848041
89.90000153,0.016242189,0.072153999,0.078717665,0.002179564,31.00162027,31.0574127829673,0.310409548587903,30.6849538787268,0.503814434568204,30.871183330847,0.407111991578053
90.40000153,0.015841621,0.070420327,0.076853083,0.002105337,30.26439396,30.3050195218232,0.306619614565563,29.9371996961959,0.494708539210811,30.1211096090095,0.400664076888187
91.19999695,0.01531954,0.068759553,0.075386708,0.002026694,29.57990225,29.6206950503256,0.300376970669329,29.2682627049125,0.488579830081597,29.4444788776191,0.394478400375463
92.19999695,0.014196719,0.063485867,0.069378065,0.001762484,27.247252,27.2771199259599,0.292570158139253,26.9492661416776,0.455481786348519,27.1131930338187,0.374025972243886
93,0.013929384,0.063447824,0.069998017,0.001783346,27.31916866,27.3488005070971,0.286443919510798,27.0287123991591,0.461284680007915,27.1887564531281,0.373864299759356
94.09999847,0.013011981,0.059628645,0.065896337,0.001601141,25.66283748,25.6852504661987,0.278051586322354,25.3871453673765,0.438970656440458,25.5361979167876,0.358511121381406
95,0.01214971,0.057081098,0.063650117,0.001472397,24.5936847,24.6296254827122,0.27113956853615,24.366889580062,0.426123786265631,24.4982575313871,0.34863167740089
95.69999695,0.011953398,0.055356124,0.061601999,0.001456576,23.88226731,23.8895127224273,0.268005612200844,23.6085625768574,0.417326914549662,23.7490376496424,0.342666263375253
96.80000305,0.011314713,0.053466458,0.060020927,0.001387128,23.1206973,23.1275136481912,0.262977403990835,22.8713624969233,0.411028782946093,22.9994380725573,0.337003093468464
97.69999695,0.010475968,0.049776592,0.055972319,0.001232146,21.51421639,21.5199924382842,0.258839762402581,21.2853380803459,0.387600051830413,21.4026652593151,0.323219907116497
98.19999695,0.01006491,0.04840638,0.054615916,0.001155975,20.9209304,20.9304994522044,0.256565605882331,20.7170309883258,0.379975488951294,20.8237652202651,0.318270547416813
99.5,0.009475933,0.046405843,0.052731651,0.001087151,20.08408605,20.0972988595795,0.250755297816874,19.9030568245039,0.371788867434497,20.0001778420417,0.311272082625686
100.6999969,0.008817119,0.043691892,0.049870256,0.001003461,18.93288283,18.9356150488156,0.245374867908795,18.7530600984534,0.35609803360444,18.8443375736345,0.300736450756618
102.5,0.008056061,0.041106979,0.047460354,0.000915588,17.86259978,17.8610770491894,0.237217584737889,17.7056185212967,0.344288894114611,17.7833477852431,0.29075323942625
104,0.007263128,0.037590898,0.043554125,0.000802088,16.33523182,16.3283367991399,0.230340539103758,16.1847573463326,0.320772401728718,16.2565470727363,0.275556470416238
105.5999985,0.006641149,0.034749837,0.040360948,0.000700866,15.09574514,15.0829600895613,0.223037424820833,14.9523119476378,0.302226527416057,15.0176360185995,0.262631976118445
107.0999985,0.006044361,0.033044585,0.038944181,0.000640745,14.3950324,14.392858363338,0.216237034946351,14.2842664607168,0.288614039007193,14.3385624120274,0.252425536976772
108.6999969,0.005593058,0.031176617,0.037009463,0.000591304,13.60750243,13.6019143602941,0.209011225538057,13.5023576025219,0.267402975595823,13.552135981408,0.23820710056694
110.1999969,0.005104914,0.029265042,0.035014816,0.00053794,12.78702248,12.7859388980871,0.202392415125104,12.6952070990704,0.246714650790547,12.7405729985787,0.224553532957825
111.5999985,0.004690151,0.027527829,0.033078889,0.000480902,12.02036585,12.0238419950552,0.197225273248553,11.9413667183331,0.227989593913213,11.9826043566942,0.212607433580883
113,0.004288534,0.025844092,0.031241664,0.000436371,11.29257474,11.2951976492913,0.192043550795274,11.2175292414843,0.21038936910376,11.2563634453878,0.201216459949517
114.3000031,0.004024423,0.02482457,0.030195253,0.000412821,10.85802512,10.8622542275787,0.187238831676752,10.7891648684646,0.199018993448297,10.8257095480216,0.193128912562525
115.6999969,0.003755537,0.024124453,0.029691585,0.000398202,10.57635763,10.5892813896676,0.182075765995835,10.5232209419625,0.190650199336551,10.5562511658151,0.186362982666193
117.0999985,0.003352067,0.021817459,0.026795949,0.000340636,9.53775451,9.55149774015887,0.176914676514697,9.47864873643928,0.168643708857874,9.51507323829908,0.172779192686286
118.5,0.003127025,0.021076163,0.026027935,0.000322539,9.211255927,9.23102502915483,0.171773099806619,9.15952159282405,0.160023091736558,9.19527331098944,0.165898095771589
119.5999985,0.002894042,0.020032909,0.024822111,0.000296055,8.747332592,8.77171087702115,0.167732033569659,8.69903969133158,0.150075521084719,8.73537528417637,0.158903777327189
120.6999969,0.00270595,0.019400673,0.024213796,0.000277876,8.475385084,8.50575659581349,0.164123656277139,8.43589138917075,0.144509285569438,8.47082399249212,0.154316470923289
121.8000031,0.002527842,0.018461962,0.023092357,0.000257885,8.059480913,8.09117049008611,0.160758703332331,8.02071675100211,0.13643017404416,8.05594362054411,0.148594438688245
122.9000015,0.002346034,0.017621737,0.022128851,0.00023679,7.687169403,7.72269167360136,0.157395074962481,7.65193190549262,0.129242962361465,7.68731178954699,0.143319018661973
124.0999985,0.002199464,0.016784495,0.02109375,0.00021956,7.313698152,7.34888539879198,0.15372900932599,7.27729534969624,0.121975526265752,7.31309037424411,0.137852267795871
125.1999969,0.002067231,0.016221719,0.020516293,0.000209688,7.074592393,7.1130639446592,0.150373108408575,7.0419706160456,0.117205345850996,7.0775172803524,0.133789227129786
126.3000031,0.00189506,0.015138534,0.019131469,0.000187201,6.590098314,6.62639722390589,0.147016383334458,6.55089332993724,0.108270371205899,6.58864527692156,0.127643377270178
127.0999985,0.001822355,0.014837595,0.018856994,0.000185502,6.46744405,6.50689764417398,0.144579090444588,6.43214107356591,0.105767942033775,6.46951935886995,0.125173516239182
127.9000015,0.001720734,0.014258854,0.018168053,0.00017512,6.213604353,6.25453773124403,0.142139219200466,6.17806917808493,0.101074895596266,6.21630345466448,0.121607057398366
128.8000031,0.001626005,0.013634535,0.017390068,0.000165998,5.939655223,5.97928603665591,0.139392573388625,5.90133959011818,0.0959975800160184,5.94031281338704,0.117695076702321
129.6999969,0.001522755,0.013021537,0.016670034,0.000154931,5.672314127,5.7141521408597,0.136643403018099,5.63500705875343,0.0911436631294775,5.67457959980656,0.113893533073788
130.6000061,0.001411385,0.012400346,0.015937366,0.00014318,5.401733562,5.44391974513773,0.134239421664256,5.36260944200709,0.0862449236037479,5.40326459357241,0.110242172634002
131.6999969,0.001348513,0.012138351,0.015735415,0.000139975,5.300409684,5.34464517739684,0.131515081845411,5.26559763718478,0.0840977829326289,5.30512140729081,0.10780643238902
133,0.001208199,0.011168602,0.014530657,0.000123874,4.876145757,4.91823254497723,0.128289074576229,4.83703647567829,0.0766217320768949,4.87763451032776,0.102455403326562
134.5,0.001097382,0.010631421,0.014029255,0.000116738,4.657995741,4.70422840560069,0.124574812629886,4.6243653122338,0.0733313290520227,4.66429685891725,0.0989530708409542
136.1000061,0.000972549,0.009805915,0.013033548,0.000105538,4.300192204,4.34641155056648,0.120616637160975,4.26617950811326,0.0688233743524206,4.30629552933987,0.0947200057566979
137.8999939,0.000831696,0.008742259,0.011726126,9.17e-05,3.840110849,3.88508071952916,0.116166129378534,3.80527759447665,0.0625494207239876,3.84517915700291,0.089357775051261
139.6999969,0.000732098,0.008110124,0.011032656,8.39e-05,3.575130268,3.62182729146779,0.111716572823857,3.54335154916678,0.0593115002958984,3.58258942031729,0.0855140365598775
141.6000061,0.000640281,0.007504888,0.010352287,7.48e-05,3.318488568,3.3666240772707,0.108371959415282,3.28881314772027,0.0560829390886272,3.32771861249548,0.0822274492519548
143.1999969,0.000566416,0.006970861,0.009738175,6.78e-05,3.093327032,3.14063790132241,0.105766896303727,3.06398421444764,0.053048778179064,3.10231105788502,0.0794078372413954
144.8999939,0.000501293,0.00639195,0.008996384,6.1e-05,2.840110775,2.88627631032625,0.103000521713371,2.81172989587606,0.0494521965946567,2.84900310310115,0.0762263591540138
146.3999939,0.000443239,0.005916134,0.008431451,5.65e-05,2.638562019,2.68431673420142,0.100563090988725,2.6119718301189,0.046563797433198,2.64814428216016,0.0735634442109615
147.8999939,0.000393913,0.005459342,0.007841707,5.05e-05,2.439344387,2.48337563140469,0.0981275203341475,2.41211869305436,0.0435722143445759,2.44774716222952,0.0708498673393617
149.3000031,0.000358989,0.005140436,0.007455903,4.86e-05,2.303705005,2.34786671456184,0.0958548984594109,2.27973264555649,0.0416797662860058,2.31379968005916,0.0687673323727083
150.6000061,0.00032642,0.004843732,0.007077427,4.46e-05,2.175438945,2.21781908469587,0.0940009845045447,2.15045873040906,0.0400425309516956,2.18413890755246,0.0670217577281201
151.8000031,0.00029711,0.00456021,0.006712637,4.19e-05,2.051752641,2.09373470360309,0.0925657276610921,2.02819304561118,0.0390318283127717,2.06096387460713,0.0657987779869319
152.6000061,0.000276542,0.004376039,0.006477239,3.92e-05,1.971044854,2.01279759611255,0.0916086603853189,1.94723022511919,0.0382786782249425,1.98001391061587,0.0649436693051307
153.8000031,0.000252687,0.004132931,0.006164571,3.64e-05,1.865725039,1.90638451461641,0.0901731403028879,1.84224472995989,0.0373497373230442,1.87431462228815,0.063761438812966
155,0.000232912,0.003935219,0.005920872,3.5e-05,1.781087275,1.82179268547991,0.0887383027044539,1.75976201434206,0.0367531083992969,1.79077734991099,0.0627457055518754
156.3999939,0.00020926,0.003696224,0.00561341,3.21e-05,1.67784073,1.71724941412346,0.0870651061700477,1.65614236959553,0.0357601313310954,1.68669589185949,0.0614126187505716
157.6000061,0.000187994,0.003461527,0.005305652,2.99e-05,1.57510735,1.61434908304309,0.0677910906278193,1.55492723530862,0.0345093497066818,1.58463815917586,0.0511502201672506
159.1000061,0.000170822,0.00328376,0.005089199,2.81e-05,1.499729921,1.53866589887354,0.0771495600873672,1.48060024585846,0.0339628010842829,1.509633072366,0.0555561805858251
160.6999969,0.000148735,0.003021613,0.004740427,2.53e-05,1.385292562,1.42295603470003,0.0819664768172215,1.36675245746574,0.0324268627549401,1.39485424608289,0.0571966697860808
162.5,0.000131818,0.002819909,0.004474201,2.31e-05,1.297485963,1.33406239789095,0.0799146622718448,1.27952402996734,0.0314782039340964,1.30679321392915,0.0556964331029706
164.3999939,0.000117032,0.002622611,0.004208066,2.16e-05,1.211278612,1.2467846314977,0.0777489698440297,1.19512107913361,0.030494355899326,1.22095285531566,0.0541216628716779
166,0.000102646,0.002422305,0.003931757,1.94e-05,1.123079333,1.15723645256896,0.0491568459173545,1.10734175849053,0.029098075617635,1.13228910552975,0.0391274607674947
167.8000031,9e-05,0.002235135,0.003667348,1.74e-05,1.040206215,1.07281184638744,0.0591515111439887,1.02476478690043,0.0277973645590934,1.04878831664394,0.0434744378515411
169.5,7.89e-05,0.002066435,0.003427849,1.61e-05,0.965427519,0.996792776363403,0.0685911649195815,0.951074643924784,0.026631798399758,0.973933710144094,0.0476114816596697
171.3000031,7.03e-05,0.001921372,0.003219984,1.48e-05,0.901192273,0.931084709228603,0.0696599378910411,0.887557356683543,0.0257312250865923,0.909321032956073,0.0476955814888167
173,6.23e-05,0.001772982,0.003003608,1.37e-05,0.835090721,0.863491667632155,0.0260400349088111,0.822834542167986,0.0246157988080601,0.843163104900071,0.0253279168584356
175,5.45e-05,0.001628685,0.002791641,1.29e-05,0.770704535,0.797658674494097,0.03523641648056,0.760168698411123,0.0235593694390985,0.77891368645261,0.0293978929598293
176.6999969,4.92e-05,0.001522317,0.00263612,1.17e-05,0.723506247,0.74911377822579,0.0430553695588703,0.713189766131705,0.0227490640792041,0.731151772178748,0.0329022168190372
178.5,4.2e-05,0.001384106,0.002423634,1.05e-05,0.660598922,0.684658376250216,0.0513349439378371,0.65083592950843,0.0213778679248267,0.667747152879323,0.0363564059313319
180.3000031,3.7e-05,0.001272604,0.002250376,9.55e-06,0.610012884,0.632461891827669,0.0108062039306804,0.60082910954124,0.0202998620341813,0.616645500684454,0.0155530329824308
182.3000031,3.2e-05,0.001165477,0.002087261,8.99e-06,0.561748287,0.58285174305929,0.0189846797924808,0.553886853545826,0.0192860678794088,0.568369298302558,0.0191353738359448
184.5,2.8e-05,0.001069371,0.001941317,8.1e-06,0.51851827,0.538313596980819,0.0279841982608406,0.511391209300832,0.0183808822888742,0.524852403140826,0.0231825402748574
186.3999939,2.44e-05,0.000979083,0.001799662,7.04e-06,0.477513522,0.495818655385252,0.0357575663655657,0.47031993251806,0.0173559198862237,0.483069293951656,0.0265567431258947
188.3999939,2.04e-05,0.000900534,0.001677783,7.07e-06,0.441881336,0.459249798642073,0.00787788341500126,0.436073147296934,0.0165279718380271,0.447661472969503,0.0122029276265142
190.3999939,1.79e-05,0.000827176,0.001562825,5.85e-06,0.408693821,0.424681518970591,0.00903694593382906,0.401759117568022,0.0136827119379567,0.413220318269306,0.0113598289358929
192.3999939,1.64e-05,0.000758976,0.001453317,5.96e-06,0.37745863,0.392554287105706,0.016452146380182,0.372568915367954,0.0102413015579874,0.38256160123683,0.0133467239690847
194.3999939,1.4e-05,0.000695898,0.001351501,5.28e-06,0.348508774,0.362429158737495,0.0238691219096481,0.343002813389567,0.00719880866332805,0.352715986063531,0.0155339652864881
196.6999969,1.09e-05,0.000635904,0.001256336,4.44e-06,0.32056294,0.333932913750796,0.00638094406150974,0.313848816406169,0.00426643890316974,0.323890865078483,0.00532369148233974
197.3999939,1.17e-05,0.000616295,0.001224425,4.82e-06,0.312201132,0.324891069775007,0.0062584584063499,0.307358801432782,0.0034918559427662,0.316124935603894,0.00487515717455805
206.1999969,5.9e-06,0.000424893,0.000899588,3.52e-06,0.222587047,0.231846431510761,0.00473012520496953,0.218959826150366,0,0.225403128830563,0.00236506260248477
213.8999939,3.53e-06,0.000311248,0.000702393,2.62e-06,0.169232786,0.176039439137786,0.00340043020741996,0.166831104850583,0,0.171435271994185,0.00170021510370998
221,2.63e-06,0.000226728,0.000545253,1.94e-06,0.128524557,0.133099873822285,0.0118868638509093,0.127259611491902,0,0.130179742657094,0.00594343192545464
229.6000061,1.4e-06,0.000159196,0.000409816,1.44e-06,0.094179094,0.0972499208177416,0.000529183156123802,0.0934547007439916,0,0.0953523107808666,0.000264591578061901
239.1000061,9.3e-07,0.000108903,0.000299307,1.63e-06,0.067268113,0.0690536641282992,0.000455486793241807,0.0679209551736655,0,0.0684873096509824,0.000227743396620903
247.6000061,-3.06e-07,7.51e-05,0.000222504,9.17e-07,0.049060154,0.0497891016387005,0.00687921085836833,NaN,NaN,0.0497891016387005,0.00687921085836833
254.6999969,-1.75e-07,5.64e-05,0.000175509,1.06e-06,0.038164657,0.0384092593283257,0.000756265722372489,NaN,NaN,0.0384092593283257,0.000756265722372489
